{
  "merchants_linear_regression": {
    "mse": 247.73087616231874,
    "rmse": 15.739468738249037,
    "mae": 11.17115016746228,
    "r2_score": 0.9841705030944633,
    "mape": 2.0825792472545954,
    "explained_variance": 0.9841717718462114,
    "mean_residual": -0.14091098151941434,
    "std_residual": 15.738837957664028,
    "max_residual": 302.1345691014859,
    "prediction_std": 124.15971191703015,
    "prediction_range": 1047.5493097320773,
    "pred_mean": 599.8933109815193,
    "pred_std": 124.15971191703015,
    "pred_min": 1.8654308985140915,
    "pred_max": 1049.4147406305915,
    "true_mean": 599.7524,
    "true_std": 125.09977056030118,
    "true_min": 304,
    "true_max": 884,
    "poor_band_accuracy": 0.9368456986800182,
    "fair_band_accuracy": 1.0,
    "good_band_accuracy": 0.8293262095577323,
    "very_good_band_accuracy": 0.7403760071620412,
    "excellent_band_accuracy": 0.6852791878172588,
    "within_50_points_accuracy": 0.98465,
    "within_25_points_accuracy": 0.9633,
    "spearman_correlation": 0.9999814439275692,
    "pearson_correlation": 0.9920544126746199,
    "kendall_tau": 0.997108014361475,
    "low_risk_precision": 1.0,
    "low_risk_recall": 0.8662140575079872,
    "high_risk_precision": 1.0,
    "high_risk_recall": 0.9908916101609149
  },
  "merchants_elastic_net": {
    "mse": 1613.5728794164238,
    "rmse": 40.16930270015181,
    "mae": 35.15381917264642,
    "r2_score": 0.8968959893201016,
    "mape": 6.279431789976235,
    "explained_variance": 0.8969092022442244,
    "mean_residual": -0.45473248856161635,
    "std_residual": 40.16672874133853,
    "max_residual": 127.96452663898339,
    "prediction_std": 89.46228096310095,
    "prediction_range": 741.1916011504218,
    "pred_mean": 600.2071324885616,
    "pred_std": 89.46228096310095,
    "pred_min": 176.0354733610166,
    "pred_max": 917.2270745114383,
    "true_mean": 599.7524,
    "true_std": 125.09977056030118,
    "true_min": 304,
    "true_max": 884,
    "poor_band_accuracy": 0.8873463814292216,
    "fair_band_accuracy": 0.9758730158730159,
    "good_band_accuracy": 0.40991392104482044,
    "very_good_band_accuracy": 0.0810205908683975,
    "excellent_band_accuracy": 0.09137055837563451,
    "within_50_points_accuracy": 0.747,
    "within_25_points_accuracy": 0.33275,
    "spearman_correlation": 0.9915049456702012,
    "pearson_correlation": 0.9846611729680304,
    "kendall_tau": 0.9221260297908639,
    "low_risk_precision": 1.0,
    "low_risk_recall": 0.5271565495207667,
    "high_risk_precision": 0.964968152866242,
    "high_risk_recall": 0.9506122862058496
  },
  "merchants_mlp_regressor": {
    "mse": 0.5091831823817631,
    "rmse": 0.7135707269652835,
    "mae": 0.5319403530828415,
    "r2_score": 0.9999674642348393,
    "mape": 0.09248142242826221,
    "explained_variance": 0.9999684038593949,
    "mean_residual": 0.12126450326020406,
    "std_residual": 0.7031913698495019,
    "max_residual": 16.414247959374507,
    "prediction_std": 125.17874326749283,
    "prediction_range": 609.900470365435,
    "pred_mean": 599.6311354967397,
    "pred_std": 125.17874326749283,
    "pred_min": 290.51377759393955,
    "pred_max": 900.4142479593745,
    "true_mean": 599.7524,
    "true_std": 125.09977056030118,
    "true_min": 304,
    "true_max": 884,
    "poor_band_accuracy": 0.9957897132453345,
    "fair_band_accuracy": 0.9868783068783069,
    "good_band_accuracy": 0.9777382012466608,
    "very_good_band_accuracy": 0.9946284691136974,
    "excellent_band_accuracy": 0.9822335025380711,
    "within_50_points_accuracy": 1.0,
    "within_25_points_accuracy": 1.0,
    "spearman_correlation": 0.9999904750320456,
    "pearson_correlation": 0.9999844110264968,
    "kendall_tau": 0.9980404433420631,
    "low_risk_precision": 1.0,
    "low_risk_recall": 0.9900159744408946,
    "high_risk_precision": 0.9996958945767866,
    "high_risk_recall": 0.9980771177006376
  },
  "merchants_gradient_boosting": {
    "mse": 538.2273897675191,
    "rmse": 23.199728226156424,
    "mae": 18.425038444231973,
    "r2_score": 0.9656083693208365,
    "mape": 3.30425913343308,
    "explained_variance": 0.9656176597231779,
    "mean_residual": -0.38130611878837617,
    "std_residual": 23.196594478743936,
    "max_residual": 140.95726097741846,
    "prediction_std": 110.26403965484432,
    "prediction_range": 683.3546471626004,
    "pred_mean": 600.1337061187884,
    "pred_std": 110.26403965484432,
    "pred_min": 240.73742536668183,
    "pred_max": 924.0920725292822,
    "true_mean": 599.7524,
    "true_std": 125.09977056030118,
    "true_min": 304,
    "true_max": 884,
    "poor_band_accuracy": 0.9393491124260355,
    "fair_band_accuracy": 0.928042328042328,
    "good_band_accuracy": 0.7393885425942416,
    "very_good_band_accuracy": 0.5649059982094897,
    "excellent_band_accuracy": 0.5532994923857868,
    "within_50_points_accuracy": 0.96735,
    "within_25_points_accuracy": 0.7314,
    "spearman_correlation": 0.9911518937259169,
    "pearson_correlation": 0.9884738674723699,
    "kendall_tau": 0.9200512756969917,
    "low_risk_precision": 0.9929612870789342,
    "low_risk_recall": 0.7887380191693291,
    "high_risk_precision": 0.9630750605326877,
    "high_risk_recall": 0.9660965489322944
  },
  "merchants_random_forest": {
    "mse": 974.434957725,
    "rmse": 31.215940763094103,
    "mae": 24.5004745,
    "r2_score": 0.9377355968424056,
    "mape": 4.413133220443513,
    "explained_variance": 0.937799802966662,
    "mean_residual": -1.0024085,
    "std_residual": 31.199841905434837,
    "max_residual": 170.01,
    "prediction_std": 110.73585960226855,
    "prediction_range": 544.8900000000001,
    "pred_mean": 600.7548085000001,
    "pred_std": 110.73585960226855,
    "pred_min": 325.09,
    "pred_max": 869.98,
    "true_mean": 599.7524,
    "true_std": 125.09977056030118,
    "true_min": 304,
    "true_max": 884,
    "poor_band_accuracy": 0.9152253072371416,
    "fair_band_accuracy": 0.7828571428571428,
    "good_band_accuracy": 0.7025823686553874,
    "very_good_band_accuracy": 0.5998209489704566,
    "excellent_band_accuracy": 0.5025380710659898,
    "within_50_points_accuracy": 0.89445,
    "within_25_points_accuracy": 0.5935,
    "spearman_correlation": 0.971945741467124,
    "pearson_correlation": 0.9723126217845188,
    "kendall_tau": 0.856563185328216,
    "low_risk_precision": 0.9443927408096789,
    "low_risk_recall": 0.8105031948881789,
    "high_risk_precision": 0.9283269579222871,
    "high_risk_recall": 0.9333063455115879
  },
  "merchants_ridge": {
    "mse": 247.7314737936823,
    "rmse": 15.739487723356257,
    "mae": 11.17183569446443,
    "r2_score": 0.98417046490704,
    "mape": 2.0826903989665153,
    "explained_variance": 0.9841717336542659,
    "mean_residual": -0.1409107303939792,
    "std_residual": 15.73885694578047,
    "max_residual": 302.13575107194174,
    "prediction_std": 124.15794553390306,
    "prediction_range": 1047.5363620494895,
    "pred_mean": 599.893310730394,
    "pred_std": 124.15794553390306,
    "pred_min": 1.8642489280582595,
    "pred_max": 1049.4006109775478,
    "true_mean": 599.7524,
    "true_std": 125.09977056030118,
    "true_min": 304,
    "true_max": 884,
    "poor_band_accuracy": 0.9368456986800182,
    "fair_band_accuracy": 1.0,
    "good_band_accuracy": 0.8293262095577323,
    "very_good_band_accuracy": 0.7403760071620412,
    "excellent_band_accuracy": 0.6852791878172588,
    "within_50_points_accuracy": 0.9847,
    "within_25_points_accuracy": 0.9633,
    "spearman_correlation": 0.9999815084029885,
    "pearson_correlation": 0.992054387400786,
    "kendall_tau": 0.9971137007586595,
    "low_risk_precision": 1.0,
    "low_risk_recall": 0.8662140575079872,
    "high_risk_precision": 1.0,
    "high_risk_recall": 0.9908916101609149
  },
  "merchants_lasso": {
    "mse": 256.3069356426251,
    "rmse": 16.009588865508853,
    "mae": 12.307753060997229,
    "r2_score": 0.9836225104134207,
    "mape": 2.2658940931989218,